<?xml version="1.0" encoding="UTF-8" ?>
<grammar version="1.0" xml:lang="en-US" mode="voice" root="toplevel"
xmlns="http://www.w3.org/2001/06/grammar" tag-format="semantics/1.0" >

  <rule id="toplevel" scope="public">
 
    <one-of>
	<!-- root -->
     <item>
	  <ruleref uri="#For"/>
	 </item>
	  
	  
	   <item>
	  <ruleref uri="#input_output"/>
	  </item>
	  
	  <item>
	  <ruleref uri="#undo"/>
	  </item> 
	  
	  <item>
	  <ruleref uri="#expression"/>
	  </item>
	  
	  <item>
	  <ruleref uri="#startEnd"/>
	  </item>
	  
	   <item>
	  <ruleref uri="#increment"/>
	  </item>
	  
    <item>
	<!-- endline -->
	    <ruleref uri="#ret"/>
	</item>
	   
	   <item> 
	   <ruleref uri="#declaration"/> 
	  
	   </item>
    </one-of>
	  <tag>out.final = rules.latest(); </tag> 

  </rule>

  <rule id="For" scope="public">
 
    <item> for <tag> out.z = "for( " ; </tag>  </item>

    <ruleref uri="#declaration"/>
	
<tag>out.decB=rules.declaration</tag>
 <tag> out= out.z+ out.decB  ; </tag>
 <!--  -->
 <!-- increment -->

  </rule>


   
<rule id="undo" scope="public" >
 <one-of>
 <item>undo </item>
 <item>redo </item>
</one-of>
 </rule>
   
  
 
<rule id="declaration">

<item >  <tag> out.i=""; </tag> </item>

<item repeat="0-1">
	<one-of>
		<item > integer <tag> out.i="int "; </tag> </item>
		<item >int <tag> out.i="int "; </tag> </item>
	</one-of>
 </item>

    <ruleref uri="#variables"/>
 
		<tag> out.varName=rules.variables </tag>

 

 <tag> out= out.i+ out.varName </tag> 

 
   
     <item> equals </item>
	
	
<one-of> 

 
 <item>
	<ruleref uri = "#variables" />
		<tag> out+= " = " + rules.latest()+";" ; </tag>	
 </item>
 
 <item>
	<ruleref uri = "#numbers" />
		<tag> out+= " = " + rules.numbers +";" </tag>
 </item>
 
</one-of>

   

   
  

  </rule>

 <rule id="increment" >
 
 <ruleref uri="#variables"/>
 
 <tag> out =rules.variables </tag>
 
 <item  >
<one-of>
 <item> increment <tag> out+= '++;'; </tag> </item>
 <item>  decrement  <tag> out+= '--;'; </tag>  </item>
</one-of> 
  
  </item>

 </rule>
 
 
 

 <rule id="startEnd" >

<one-of>
 <item> start  <tag> out = ') \n {'; </tag> </item>
 <item>  end  <tag> out = '\n } \n'; </tag>  </item>
</one-of> 
  

 </rule>
 
 

 
 
 
 
 
 <rule id="expression">
 <item >  <tag> out.condition=""; </tag> </item>

<item repeat="0-1">
	<one-of>
		<item > if <tag> out.condition="if( "; </tag> </item>
		<item >while <tag> out.condition="while( "; </tag> </item>
	</one-of>
 </item>
 
 
 
 
 
  <ruleref uri="#variables"/>
 
		<tag> out.v =rules.variables </tag>

 <ruleref uri="#operator"/>
 
		<tag> out.o = rules.operator </tag>
		

<one-of>

<item>
  <ruleref uri="#numbers"/>
   <tag>out.e= rules.numbers;</tag>
</item>
<item>
   <ruleref uri="#exp2"/>
   <tag>out.e= rules.exp2;</tag>
</item> 
 
 </one-of>
 <tag>out= out.condition+ out.v + out.o + out.e + ";" ;  </tag>
</rule>



 
  
  
  
  <rule id="numbers">
 
    <one-of>
	<item> zero <tag> out = 0; </tag> </item>
	<item> one <tag> out = 1; </tag> </item>
	  <item> two <tag> out = 2; </tag> </item>
      <item> three <tag> out = 3; </tag> </item>
      <item> four <tag> out = 4; </tag> </item>
      <item> five <tag> out = 5; </tag> </item>
      <item> six <tag> out = 6; </tag> </item>
      <item> seven  <tag> out = 7; </tag></item>
      <item> eight <tag> out = 8; </tag> </item>
      <item> nine <tag> out = 9; </tag> </item>
      <item> ten <tag> out = 10; </tag> </item>
    </one-of>
	
  </rule>

  <rule id= "ret">
	<one-of>
  <item> return   <tag> out = '\n'; </tag> </item>
   <item> enter   <tag> out = '\n'; </tag> </item>
    <item> tab   <tag> out = '\t'; </tag> </item>
   <item> end line   <tag> out = ';'+'\n'; </tag> </item>
   <item> new line   <tag> out = ';'+'\n'; </tag> </item>
<item> tab  <tag> out = '\t'; </tag> </item>
    </one-of>
	
	</rule>

	<rule id= "input_output">
	<one-of>
  <item> c out   <tag> out.cout= "cout"+ String.fromCharCode(60,60)</tag> </item>
    
    </one-of>
	<item>
   <ruleref uri="#variables"/>
   <tag>out.coutVar= rules.variables;</tag>
</item>
<tag>out= out.cout +out.coutVar+";";</tag>
	</rule>

<rule id="variables">
   <one-of>
       <item> i  </item>
    <item> k </item>
	<item> temp </item>
	<item> alpha </item>
      <item> b </item>
      <item>c</item>
      <item> a </item>
      <item> d </item>
      <item> j </item>
   </one-of>
  
  
  </rule>
  
 <rule id="exp2">
 
  <ruleref uri="#variables"/>
 
		<tag> out=rules.variables </tag>
<item repeat = "0-1" >
<one-of>
 <item>  plus <tag> out+= '+'; </tag> </item>
 <item>  minus  <tag> out+= '-'; </tag>  </item>
</one-of> 

   <ruleref uri="#numbers"/>

  <tag> out+=  rules.numbers ;  </tag>
  
  </item>
  </rule> 
  
  
  <rule id="operator">
 
<one-of>
 <item>  less than <tag>out= String.fromCharCode(60) ;</tag> </item>
 <item>  greater than <tag> out='>' ;</tag> </item>
 <!--   <item>  equal equal <tag>  out= "==";</tag> </item> -->
  </one-of>
  </rule> 
  
  
  
  
  
  
  
  
</grammar>